{
    "MasterSoundScale": 0.7668478488922119,
    "SFXSoundScale": 0.7051602005958557,
    "BGMSoundScale": 0.7051602005958557
}