{
    "MasterSoundScale": 0.4775181710720062,
    "SFXSoundScale": 0.4190865457057953,
    "BGMSoundScale": 0.4190865457057953
}