{
    "MasterSoundScale": 0.17051318287849427,
    "SFXSoundScale": 0.4147219955921173,
    "BGMSoundScale": 0.3772220313549042
}